{
  "seasons": [
    "2526",
    "2425",
    "2324",
    "2223",
    "2122"
  ],
  "leagues": null,
  "n_samples": 32683,
  "accuracy": 0.49028606394370505,
  "log_loss": 1.0157504574759912,
  "version": "20260221_072208",
  "created_at": "2026-02-21T07:22:08.619063",
  "n_features": 120
}