{
  "seasons": [
    "2526",
    "2425",
    "2324",
    "2223",
    "2122"
  ],
  "leagues": null,
  "n_samples": 32683,
  "accuracy": 0.49105094079853145,
  "log_loss": 1.0149417048176554,
  "version": "1.0.0",
  "created_at": "2026-02-18T18:04:56.695231",
  "n_features": 120
}