{
  "seasons": [
    "2526",
    "2425",
    "2324"
  ],
  "leagues": [
    "E0",
    "SP1",
    "I1",
    "D1",
    "F1"
  ],
  "n_samples": 4646,
  "accuracy": 0.4967741935483871,
  "log_loss": 1.0873857884083034,
  "version": "20260218_133902",
  "created_at": "2026-02-18T13:39:02.432302",
  "n_features": 120
}