{
  "seasons": [
    "2526",
    "2425"
  ],
  "leagues": [
    "E0"
  ],
  "n_samples": 640,
  "accuracy": 0.3984375,
  "log_loss": 1.5548084245927967,
  "version": "20260218_133604",
  "created_at": "2026-02-18T13:36:04.083307",
  "n_features": 120
}